City_ID,City,Lat,Lng,Max Temp,Humidity,Cloudiness,Wind Speed,Country,Date
0,itanagar,27.1,93.6167,25.910000000000025,89,68,0.74,IN,1696299758
1,waitangi,-43.9535,-176.5597,8.230000000000018,93,100,6.71,NZ,1696299758
2,marco island,25.9363,-81.7157,26.0,82,0,2.57,US,1696299758
3,grytviken,-54.2811,-36.5092,1.4500000000000455,61,97,4.88,GS,1696299700
4,cabedelo,-6.9811,-34.8339,23.370000000000005,76,22,4.62,BR,1696299758
5,adamstown,-25.066,-130.1015,20.420000000000016,73,15,9.6,PN,1696299759
6,al jawf,29.5,38.75,23.150000000000034,43,100,2.17,SA,1696299759
7,labrador city,52.9463,-66.9114,3.9500000000000455,100,100,2.57,CA,1696299759
8,bethel,41.3712,-73.414,16.610000000000014,86,0,0.0,US,1696299759
9,ribeira grande,38.5167,-28.7,18.210000000000036,80,0,4.02,PT,1696299759
10,pandan,14.0453,124.1694,30.850000000000023,68,99,6.75,PH,1696299759
11,xiangyang,32.0422,112.1448,19.75,77,37,3.29,CN,1696299759
12,edinburgh of the seven seas,-37.0676,-12.3116,10.010000000000048,57,81,9.74,SH,1696299699
13,ebon,4.582,168.6964,29.189999999999998,71,2,2.31,MH,1696299759
14,avarua,-21.2078,-159.775,23.03000000000003,60,75,3.6,CK,1696299759
15,colonia,50.9333,6.95,22.460000000000036,76,0,3.6,DE,1696299745
16,mount isa,-20.7333,139.5,33.870000000000005,17,0,6.17,AU,1696299760
17,covington,39.0837,-84.5086,22.910000000000025,76,0,0.0,US,1696299760
18,sirte,31.2089,16.5887,23.720000000000027,66,1,4.39,LY,1696299760
19,port-aux-francais,-49.35,70.2167,2.330000000000041,76,75,15.36,TF,1696299760
20,margaret river,-33.95,115.0667,14.260000000000048,63,100,4.49,AU,1696299760
21,miami beach,25.7906,-80.1301,26.680000000000007,84,40,3.6,US,1696299712
22,wailua homesteads,22.0669,-159.378,28.24000000000001,78,40,4.63,US,1696299760
23,kidal,18.4411,1.4078,30.879999999999995,27,23,3.86,ML,1696299761
24,tamiahua,21.2667,-97.45,26.82000000000005,87,39,2.74,MX,1696299761
25,isafjordur,66.0755,-23.124,1.150000000000034,93,100,7.28,IS,1696299761
26,sinop,41.7711,34.8709,11.480000000000018,86,62,2.98,TR,1696299761
27,lebu,-37.6167,-73.65,9.620000000000005,83,96,3.93,CL,1696299761
28,port elizabeth,-33.918,25.5701,17.950000000000045,59,0,2.06,ZA,1696299761
29,harper,4.375,-7.7169,24.980000000000018,85,100,4.53,LR,1696299761
30,mermoz boabab,14.7065,-17.4758,27.879999999999995,94,20,0.0,SN,1696299761
31,smithers,54.7804,-127.1743,9.180000000000007,87,20,1.54,CA,1696299761
32,prince rupert,54.3161,-130.3201,12.050000000000011,89,75,2.06,CA,1696299750
33,ilulissat,69.2167,-51.1,-1.9899999999999523,37,0,9.26,GL,1696299762
34,blackmans bay,-43.0167,147.3167,20.07000000000005,58,72,4.36,AU,1696299762
35,stanley,54.868,-1.6985,8.770000000000039,93,20,2.06,GB,1696299595
36,infantes,38.7367,-3.0122,21.120000000000005,31,41,1.54,ES,1696299762
37,ratnagiri,16.9833,73.3,26.360000000000014,82,100,3.07,IN,1696299762
38,bel ombre,-4.6167,55.4167,26.910000000000025,74,20,7.72,SC,1696299762
39,saint-pierre,-21.3393,55.4781,20.82000000000005,68,0,2.57,RE,1696299585
40,ushuaia,-54.8,-68.3,5.810000000000002,70,40,4.12,AR,1696299689
41,huntingdon,52.3305,-0.1865,12.740000000000009,91,100,0.89,GB,1696299762
42,petropavlovsk-kamchatsky,53.0452,158.6483,8.03000000000003,88,75,6.71,RU,1696299763
43,tamanrasset,22.785,5.5228,20.950000000000045,40,0,2.57,DZ,1696299763
44,floro,61.5996,5.0328,11.980000000000018,82,100,9.26,NO,1696299763
45,gulf shores,30.246,-87.7008,25.560000000000002,52,0,0.0,US,1696299763
46,nevel',56.0209,29.9284,9.03000000000003,84,100,3.06,RU,1696299763
47,iqaluit,63.7506,-68.5145,3.8500000000000227,80,100,4.12,CA,1696299624
48,qarazhal,48.0078,70.7903,8.79000000000002,77,80,5.22,KZ,1696299763
49,remire-montjoly,4.9167,-52.2667,26.02000000000004,89,0,0.51,GF,1696299763
50,uturoa,-16.7333,-151.4333,26.04000000000002,81,3,7.33,PF,1696299763
51,karratha,-20.7377,116.8463,30.590000000000032,23,75,7.14,AU,1696299763
52,ulladulla,-35.35,150.4667,30.980000000000018,30,96,4.04,AU,1696299764
53,shahrak,34.1074,64.3052,6.930000000000007,30,19,1.12,AF,1696299764
54,lihue,21.9789,-159.3672,28.58000000000004,73,40,4.63,US,1696299764
55,bilibino,68.0546,166.4372,-5.019999999999982,92,98,0.71,RU,1696299764
56,san pedro pochutla,15.7333,-96.4667,25.29000000000002,89,100,1.69,MX,1696299764
57,hamilton,39.1834,-84.5333,22.439999999999998,77,0,0.0,US,1696299764
58,port mathurin,-19.6833,63.4167,23.58000000000004,80,15,7.09,MU,1696299699
59,kokopo,-4.352,152.2633,28.760000000000048,77,56,3.17,PG,1696299764
60,greytown,-29.0642,30.5928,9.830000000000041,75,0,1.61,ZA,1696299764
61,bredasdorp,-34.5322,20.0403,12.330000000000041,92,0,2.29,ZA,1696299631
62,college,64.8569,-147.8028,4.480000000000018,65,40,3.6,US,1696299744
63,louga,58.7372,29.8453,11.310000000000002,76,100,4.09,RU,1696299765
64,constantia,44.1833,28.65,11.5,54,0,4.26,RO,1696299700
65,papatowai,-46.5619,169.4708,13.379999999999995,41,5,3.54,NZ,1696299765
66,albany,42.6001,-73.9662,14.800000000000011,87,15,1.24,US,1696299683
67,aldama,22.9167,-98.0667,29.160000000000025,87,98,3.01,MX,1696299765
68,whitehorse,60.7161,-135.0538,10.430000000000007,66,75,5.66,CA,1696299602
69,klyuchi,52.2667,79.1667,4.480000000000018,52,16,3.3,RU,1696299765
70,fortuna,40.5982,-124.1573,15.370000000000005,80,40,3.6,US,1696299765
71,kapuskasing,49.4169,-82.4331,21.05000000000001,68,40,5.66,CA,1696299765
72,puerto aysen,-45.4,-72.7,2.890000000000043,99,99,1.28,CL,1696299766
73,olonkinbyen,70.9221,-8.7187,2.8799999999999955,84,77,7.18,SJ,1696299766
74,udachny,66.4167,112.4,-3.6399999999999864,73,74,3.61,RU,1696299621
75,qusmuryn,52.4503,64.6311,9.730000000000018,67,92,2.91,KZ,1696299766
76,hawaiian paradise park,19.5933,-154.9731,26.04000000000002,83,100,2.06,US,1696299766
77,pitimbu,-7.4706,-34.8086,23.33000000000004,73,9,3.87,BR,1696299766
78,tefe,-3.3542,-64.7114,27.670000000000016,41,100,0.46,BR,1696299766
79,harrisburg,40.2737,-76.8844,21.04000000000002,81,0,0.89,US,1696299496
80,dryden,49.7833,-92.7503,23.160000000000025,64,40,3.09,CA,1696299766
81,behompy,-23.2496,43.8557,16.82000000000005,65,0,5.1,MG,1696299767
82,happy valley-goose bay,53.3168,-60.3315,5.170000000000016,70,75,3.09,CA,1696299767
83,zuni pueblo,35.0725,-108.8506,14.350000000000023,33,0,8.27,US,1696299767
84,kodiak,57.79,-152.4072,7.730000000000018,46,0,9.26,US,1696299767
85,tiksi,71.6872,128.8694,-2.2399999999999523,81,91,7.95,RU,1696299767
86,sur,22.5667,59.5289,29.890000000000043,44,16,2.23,OM,1696299767
87,karasburg,-28.0167,18.75,19.310000000000002,31,0,4.04,NA,1696299767
88,kirando,-7.4167,30.6,25.27000000000004,50,94,2.79,TZ,1696299767
89,zomba,-15.386,35.3188,18.370000000000005,81,89,2.2,MW,1696299767
90,mana,5.6592,-53.7767,27.590000000000032,79,74,5.82,GF,1696299767
91,nemuro,43.3236,145.575,16.090000000000032,68,6,10.77,JP,1696299768
92,punta arenas,-53.15,-70.9167,6.060000000000002,75,75,7.2,CL,1696299768
93,greymouth,-42.4667,171.2,13.879999999999995,38,0,3.18,NZ,1696299768
94,portage la prairie,49.9728,-98.2926,14.379999999999995,71,94,1.7,CA,1696299768
95,shadrinsk,56.0852,63.6335,12.129999999999995,69,100,3.34,RU,1696299768
96,mwaya,-9.55,33.95,23.150000000000034,59,100,0.92,TZ,1696299768
97,dongola,19.1667,30.4833,30.180000000000007,25,5,8.21,SD,1696299768
98,lata,40.1629,-8.3327,16.150000000000034,95,0,1.24,PT,1696299768
99,qaqortoq,60.7167,-46.0333,3.180000000000007,82,100,1.58,GL,1696299768
100,ovidiopol,46.25,30.4413,12.439999999999998,61,0,4.66,UA,1696299769
101,lycksele,64.5954,18.6735,-0.06999999999999318,100,84,0.0,SE,1696299769
102,mhamid,29.82,-5.72,24.840000000000032,25,100,2.45,MA,1696299769
103,yelizovo,53.1873,158.3805,8.78000000000003,87,75,4.02,RU,1696299769
104,meadow lake,34.8014,-106.5436,20.710000000000036,31,43,5.48,US,1696299769
105,san antonio de pale,-1.4014,5.6325,25.430000000000007,84,100,5.38,GQ,1696299769
106,coahuayana de hidalgo,18.7,-103.6583,27.28000000000003,91,100,0.66,MX,1696299769
107,khenchela,35.4358,7.1433,16.02000000000004,62,0,2.28,DZ,1696299769
108,vrangel',42.7297,133.0839,17.700000000000045,45,15,1.62,RU,1696299769
109,sassandra,4.95,-6.0833,24.32000000000005,93,94,3.22,CI,1696299770
110,bardsir,29.9227,56.5743,16.58000000000004,21,0,1.39,IR,1696299770
111,den burg,53.0542,4.7972,19.410000000000025,88,75,6.17,NL,1696299770
112,booue,-0.0921,11.9385,22.82000000000005,99,100,1.49,GA,1696299770
113,talnakh,69.4865,88.3972,1.2300000000000182,96,100,7.56,RU,1696299669
114,temnikov,54.6302,43.2148,7.150000000000034,86,13,2.05,RU,1696299770
115,tura,25.5198,90.2201,25.060000000000002,92,28,2.01,IN,1696299754
116,cabo san lucas,22.8909,-109.9124,30.900000000000034,72,20,6.17,MX,1696299731
117,dunedin,-45.8742,170.5036,12.670000000000016,51,4,3.13,NZ,1696299742
118,kruisfontein,-34.0033,24.7314,17.590000000000032,39,0,3.41,ZA,1696299706
119,hithadhoo,-0.6,73.0833,27.730000000000018,74,69,5.26,MV,1696299770
120,vila franca do campo,37.7167,-25.4333,20.49000000000001,99,25,4.73,PT,1696299771
121,albox,37.3886,-2.1495,21.05000000000001,59,44,0.44,ES,1696299771
122,jamestown,42.097,-79.2353,16.80000000000001,92,0,0.0,US,1696299539
123,berdigestyakh,62.0989,126.6992,0.7200000000000273,91,100,3.13,RU,1696299751
124,sawakin,19.1059,37.3321,28.350000000000023,77,1,2.88,SD,1696299771
125,ta'if,21.2703,40.4158,18.560000000000002,19,0,3.2,SA,1696299771
126,chinchilla,-26.75,150.6333,28.680000000000007,23,0,6.75,AU,1696299771
127,kasongo-lunda,-6.4667,16.8167,21.33000000000004,96,100,0.12,CD,1696299771
128,gadzhiyevo,69.2551,33.3362,1.4500000000000455,75,100,3.28,RU,1696299771
129,kyshtovka,56.555,76.6271,7.410000000000025,84,68,3.58,RU,1696299771
130,west island,-12.1568,96.8225,26.99000000000001,65,75,6.69,CC,1696299772
131,impfondo,1.6381,18.0667,22.590000000000032,92,100,0.85,CG,1696299772
132,khanty-mansiysk,61.0042,69.0019,9.060000000000002,87,0,4.02,RU,1696299772
133,yellowknife,62.456,-114.3525,9.670000000000016,97,75,1.54,CA,1696299629
134,west end,26.6833,-78.9667,23.99000000000001,64,0,8.81,BS,1696299772
135,kabalo,-6.05,26.9167,25.140000000000043,59,65,1.4,CD,1696299772
136,korla,41.7597,86.1469,18.900000000000034,30,100,2.98,CN,1696299772
137,yenagoa,4.9247,6.2642,24.390000000000043,94,88,1.85,NG,1696299772
138,port alfred,-33.5906,26.891,20.230000000000018,50,0,2.84,ZA,1696299772
139,klaksvik,62.2266,-6.589,9.510000000000048,91,82,4.86,FO,1696299772
140,paris,48.8534,2.3488,21.430000000000007,77,0,5.14,FR,1696299773
141,georgetown,5.4112,100.3354,30.53000000000003,77,88,1.09,MY,1696299572
142,san pedro,14.35,121.0167,27.970000000000027,89,100,5.66,PH,1696299773
143,el fahs,36.3742,9.9065,18.010000000000048,78,0,0.88,TN,1696299773
144,oppdal,62.5943,9.6912,5.220000000000027,83,100,3.99,NO,1696299773
145,tindouf,27.6711,-8.1474,25.25,20,13,2.57,DZ,1696299773
146,susanville,40.4163,-120.653,13.910000000000025,64,40,1.54,US,1696299773
147,takoradi,4.8845,-1.7554,24.700000000000045,90,48,3.31,GH,1696299773
148,arkhangel'sk,64.5401,40.5433,3.400000000000034,84,100,2.99,RU,1696299773
149,viana do castelo,41.6932,-8.8329,17.680000000000007,90,100,3.58,PT,1696299773
150,santa rita do sapucai,-22.2522,-45.7033,18.80000000000001,95,29,0.55,BR,1696299578
151,atafu village,-8.5421,-172.5159,28.82000000000005,73,15,4.6,TK,1696299774
152,nuriootpa,-34.4833,139.0,17.650000000000034,35,31,8.58,AU,1696299774
153,puerto natales,-51.7236,-72.4875,2.910000000000025,96,100,1.87,CL,1696299699
154,vilyuysk,63.7553,121.6247,-0.5600000000000023,77,32,2.24,RU,1696299712
155,saipan,15.1355,145.701,31.390000000000043,74,40,6.69,MP,1696299774
156,shimanovsk,52.0,127.7,11.890000000000043,54,69,3.44,RU,1696299774
157,ketchikan,55.3422,-131.6461,11.260000000000048,100,100,4.63,US,1696299774
158,ziro,27.6333,93.8333,15.410000000000025,90,91,0.41,IN,1696299774
159,el nido,11.1858,119.3956,28.710000000000036,78,100,6.57,PH,1696299774
160,hassi messaoud,31.6804,6.0729,21.920000000000016,56,0,3.09,DZ,1696299774
161,mount pearl,47.5166,-52.7813,8.920000000000016,95,0,3.09,CA,1696299775
162,badger,64.8,-147.5333,4.430000000000007,67,75,3.6,US,1696299775
163,vilyuchinsk,52.9306,158.4028,8.850000000000023,87,100,3.48,RU,1696299775
164,quang ngai,15.1167,108.8,26.700000000000045,86,100,2.29,VN,1696299775
165,as sulayyil,20.4607,45.5779,23.140000000000043,16,0,1.37,SA,1696299775
166,ixtapa,20.7,-105.2,29.010000000000048,89,100,2.06,MX,1696299775
167,quimili,-27.6333,-62.4167,23.78000000000003,34,0,7.73,AR,1696299775
168,turkmenbasy,40.0222,52.9552,17.430000000000007,29,0,4.12,TM,1696299775
169,nikolayevsk-on-amure,53.1406,140.73,7.930000000000007,96,100,2.94,RU,1696299775
170,tazovsky,67.4667,78.7,7.439999999999998,94,100,7.3,RU,1696299776
171,hermanus,-34.4187,19.2345,14.580000000000041,91,0,2.22,ZA,1696299627
172,la ronge,55.1001,-105.2842,7.140000000000043,93,100,2.57,CA,1696299776
173,anadyr,64.75,177.4833,4.28000000000003,60,0,6.0,RU,1696299776
174,lospalos,-8.5186,127.0025,29.379999999999995,50,4,4.08,TL,1696299776
175,sisimiut,66.9395,-53.6735,0.910000000000025,61,5,2.84,GL,1696299585
176,iwanai,42.9744,140.5089,15.689999999999998,71,98,6.14,JP,1696299776
177,tsiombe,-25.3,45.4833,17.710000000000036,56,18,5.09,MG,1696299776
178,alakurtti,66.9672,30.3491,4.189999999999998,98,100,0.97,RU,1696299776
179,dubbo,-32.25,148.6167,32.07000000000005,22,43,10.29,AU,1696299495
180,polyarnyy,69.1989,33.4478,1.7900000000000205,75,100,3.32,RU,1696299777
181,la fria,8.2203,-72.2439,27.060000000000002,94,80,2.37,VE,1696299777
182,salalah,17.0151,54.0924,25.05000000000001,69,20,3.09,OM,1696299777
183,luderitz,-26.6481,15.1594,17.370000000000005,66,0,2.35,NA,1696299777
184,hebron,31.5333,35.1,17.75,76,98,1.92,PS,1696299777
185,pathein,16.7833,94.7333,25.760000000000048,92,99,1.65,MM,1696299777
186,hadibu,12.65,54.0333,26.420000000000016,84,23,1.95,YE,1696299777
187,shchyolkino,45.4291,35.8223,17.53000000000003,59,1,9.28,UA,1696299777
188,caxito,-8.5785,13.6643,23.480000000000018,85,21,1.55,AO,1696299778
189,puerto ayora,-0.7393,-90.3518,23.08000000000004,98,80,3.58,EC,1696299778
190,namibe,-15.1961,12.1522,18.08000000000004,90,37,2.36,AO,1696299778
191,fisterra,42.9049,-9.2629,18.189999999999998,85,98,5.02,ES,1696299778
192,monywa,22.1167,95.1333,26.54000000000002,84,75,3.54,MM,1696299778
193,neiafu,-18.65,-173.9833,25.379999999999995,61,40,6.69,TO,1696299778
194,windhoek,-22.5594,17.0832,23.110000000000014,17,5,1.54,NA,1696299778
195,bantogon,6.5333,124.0333,28.220000000000027,68,10,2.51,PH,1696299778
196,ola,59.5833,151.2833,12.860000000000014,59,82,4.65,RU,1696299778
197,yuzhno-kurilsk,44.0306,145.8556,14.650000000000034,74,66,9.66,RU,1696299779
198,saint-joseph,-21.3667,55.6167,20.210000000000036,83,7,0.79,RE,1696299779
199,oriximina,-1.7656,-55.8661,28.450000000000045,59,38,3.08,BR,1696299524
200,biograd na moru,43.9433,15.4519,17.090000000000032,65,25,1.23,HR,1696299779
201,walvis bay,-22.9575,14.5053,12.830000000000041,100,6,1.03,NA,1696299779
202,broken hill,-31.95,141.4333,26.110000000000014,34,93,12.29,AU,1696299738
203,yeniseysk,58.4497,92.1703,3.8600000000000136,58,100,4.47,RU,1696299779
204,reus,41.1561,1.1069,19.79000000000002,86,53,0.89,ES,1696299779
205,ad dindar,13.2,34.1667,26.700000000000045,67,8,2.92,SD,1696299779
206,airway heights,47.6446,-117.5933,16.140000000000043,47,100,4.12,US,1696299779
207,al ghayzah,16.2079,52.176,24.870000000000005,82,1,1.57,YE,1696299780
208,sitka,57.0531,-135.33,11.939999999999998,87,100,4.63,US,1696299674
209,preobrazheniye,42.9019,133.9064,15.800000000000011,52,6,2.24,RU,1696299780
210,kharp,66.8014,65.8081,1.6800000000000068,80,32,5.9,RU,1696299780
211,brookings,44.3114,-96.7984,25.189999999999998,50,0,5.66,US,1696299780
212,east london,-33.0153,27.9116,19.82000000000005,48,0,3.27,ZA,1696299780
213,kigoma,-4.8769,29.6267,25.980000000000018,44,58,3.47,TZ,1696299780
214,el granada,37.5027,-122.4694,20.58000000000004,74,40,7.72,US,1696299780
215,port lincoln,-34.7333,135.8667,15.270000000000039,56,73,8.83,AU,1696299630
216,pisco,-13.7,-76.2167,18.340000000000032,88,0,7.72,PE,1696299780
217,kapa'a,22.0752,-159.319,28.99000000000001,78,40,4.63,US,1696299612
218,hailey,43.5196,-114.3153,10.490000000000009,79,100,1.54,US,1696299781
219,benghazi,32.1167,20.0667,23.400000000000034,64,0,4.58,LY,1696299736
220,fale old settlement,-9.3852,-171.2468,28.58000000000004,74,100,5.74,TK,1696299781
221,rio de janeiro,-22.9028,-43.2075,20.0,94,100,1.54,BR,1696299580
222,san patricio,28.017,-97.5169,29.350000000000023,82,2,6.24,US,1696299781
223,utrik,11.2278,169.8474,28.760000000000048,78,27,6.3,MH,1696299781
224,chibougamau,49.9168,-74.3659,16.79000000000002,94,100,5.66,CA,1696299781
225,ma'rib,15.4591,45.3253,21.75,19,0,2.48,YE,1696299781
226,hasaki,35.7333,140.8333,24.220000000000027,51,65,4.46,JP,1696299756
227,las palmas,28.4204,-14.0131,22.439999999999998,88,75,4.63,ES,1696299781
228,rikaze,29.25,88.8833,13.350000000000023,46,36,0.92,CN,1696299782
229,warrnambool,-38.3833,142.4833,14.78000000000003,69,100,6.61,AU,1696299782
230,dudinka,69.4058,86.1778,1.4600000000000364,96,100,10.28,RU,1696299782
231,iskateley,67.6803,53.1512,3.900000000000034,78,62,9.39,RU,1696299782
232,burley,42.5357,-113.7928,10.720000000000027,79,20,4.12,US,1696299782
233,shuangjiang,26.1547,109.7138,27.110000000000014,75,68,0.63,CN,1696299782
234,banket,-17.3833,30.4,14.29000000000002,83,0,2.4,ZW,1696299782
235,keflavik,64.0049,-22.5624,6.240000000000009,81,75,5.66,IS,1696299783
236,st. john's,47.5649,-52.7093,9.379999999999995,96,0,3.09,CA,1696299532
237,cockburn town,21.4612,-71.1419,28.620000000000005,76,49,6.19,TC,1696299783
238,alice springs,-23.7,133.8833,34.75,14,40,7.72,AU,1696299725
239,singaraja,-8.112,115.0882,29.75,61,74,1.01,ID,1696299783
240,port moresby,-9.4431,147.1797,26.370000000000005,80,96,3.77,PG,1696299783
241,saguenay,48.4168,-71.0657,16.460000000000036,84,100,4.12,CA,1696299486
242,kuta,-8.7233,115.1723,29.970000000000027,74,40,3.09,ID,1696299708
243,tshela,-4.9833,12.9333,23.060000000000002,91,76,0.63,CD,1696299784
244,kununurra,-15.7667,128.7333,35.99000000000001,41,40,4.63,AU,1696299784
245,sinabang,2.4803,96.3801,27.370000000000005,75,96,5.03,ID,1696299784
246,marion,39.7684,-86.1555,23.100000000000023,70,0,2.06,US,1696299505
247,karystos,38.0133,24.4161,21.900000000000034,51,1,6.26,GR,1696299784
248,lib,8.3122,167.3766,28.939999999999998,74,60,5.04,MH,1696299784
249,challakere,14.3167,76.65,22.430000000000007,82,100,5.63,IN,1696299784
250,longyearbyen,78.2186,15.6401,-3.089999999999975,74,75,6.17,SJ,1696299784
251,middelfart,55.5059,9.7305,16.260000000000048,99,100,1.58,DK,1696299785
252,pacific grove,36.6177,-121.9166,16.350000000000023,85,0,2.24,US,1696299785
253,mabaruma,8.2,-59.7833,26.200000000000045,86,100,1.53,GY,1696299785
254,cocachacra,-17.0883,-71.7575,17.340000000000032,88,51,1.83,PE,1696299785
255,lamar,33.6668,-95.5836,23.689999999999998,60,0,2.57,US,1696299785
256,sanctuary point,-35.1114,150.629,34.99000000000001,33,73,4.5,AU,1696299785
257,talara,-4.5772,-81.2719,22.420000000000016,83,0,7.46,PE,1696299785
258,ancud,-41.8697,-73.8203,6.420000000000016,73,95,0.52,CL,1696299785
259,umluj,25.0213,37.2685,28.310000000000002,74,40,4.0,SA,1696299786
260,invercargill,-46.4,168.35,15.57000000000005,46,5,3.13,NZ,1696299786
261,parfino,57.9731,31.6481,8.660000000000025,89,100,3.27,RU,1696299786
262,fort bragg,35.139,-79.006,20.75,83,0,1.54,US,1696299786
263,wewak,-3.5534,143.6268,25.950000000000045,89,100,4.26,PG,1696299786
264,pana,39.3889,-89.0801,21.660000000000025,65,5,2.86,US,1696299786
265,puerto madryn,-42.7692,-65.0385,10.020000000000039,68,15,2.96,AR,1696299509
266,palangkaraya,-2.2,113.8333,33.39000000000004,44,87,1.15,ID,1696299786
267,chonchi,-42.6128,-73.8092,6.560000000000002,95,80,0.61,CL,1696299786
268,ust-nera,64.5667,143.2,1.7900000000000205,68,30,1.34,RU,1696299787
269,bako,5.7833,36.5667,18.74000000000001,79,100,2.06,ET,1696299787
270,fonte boa,-2.4959,-66.2662,27.260000000000048,60,94,0.49,BR,1696299787
271,zabid,14.1951,43.3152,30.350000000000023,64,0,1.09,YE,1696299787
272,thunder bay,48.4001,-89.3168,18.99000000000001,88,75,1.54,CA,1696299635
273,kargopol',61.5071,38.9456,3.920000000000016,88,54,0.45,RU,1696299787
274,katsuura,35.1333,140.3,24.49000000000001,54,62,4.41,JP,1696299787
275,severo-yeniseyskiy,60.3725,93.0408,0.32000000000005,98,100,2.68,RU,1696299681
276,deming,32.2687,-107.7586,24.939999999999998,36,40,4.12,US,1696299616
277,tete,-16.1564,33.5867,22.27000000000004,68,100,4.65,MZ,1696299788
278,turtas,58.9417,69.1325,10.390000000000043,84,100,3.45,RU,1696299788
279,ocean city,39.2776,-74.5746,18.879999999999995,85,18,0.89,US,1696299788
280,dakhla,23.6848,-15.958,21.950000000000045,76,5,6.93,EH,1696299788
281,arteaga,18.4667,-102.4167,19.430000000000007,99,100,1.67,MX,1696299788
282,aasiaat,68.7098,-52.8699,-8.810000000000002,80,3,4.24,GL,1696299788
283,gua musang,4.8823,101.9644,28.07000000000005,79,81,0.43,MY,1696299788
284,pangai,-19.8,-174.35,24.060000000000002,64,75,8.75,TO,1696299789
285,badagara,11.6,75.5833,25.0,87,50,1.14,IN,1696299789
286,usogorsk,63.4106,48.6872,3.7000000000000455,90,100,1.34,RU,1696299789
287,yorkville,41.6411,-88.4473,23.07000000000005,77,63,0.45,US,1696299789
288,praia,14.9215,-23.5087,25.30000000000001,88,20,3.09,CV,1696299789
289,coquimbo,-29.9533,-71.3436,13.850000000000023,82,100,2.06,CL,1696299789
290,port isabel,26.0734,-97.2086,30.02000000000004,79,20,4.12,US,1696299483
291,codrington,-38.2667,141.9667,15.010000000000048,66,97,7.68,AU,1696299749
292,pontianak,-0.0333,109.3333,28.99000000000001,65,20,2.06,ID,1696299789
293,urucara,-2.5364,-57.76,28.110000000000014,45,31,1.68,BR,1696299790
294,fuerte olimpo,-21.0415,-57.8738,33.09000000000003,34,98,2.45,PY,1696299790
295,afaahiti,-17.75,-149.2833,25.930000000000007,86,65,6.17,PF,1696299790
296,aykhal,66.0,111.5,-7.739999999999952,91,87,3.13,RU,1696299790
297,thompson,55.7435,-97.8558,6.090000000000032,93,100,1.03,CA,1696299790
298,chinde,26.8418,88.0763,20.24000000000001,79,12,1.69,NP,1696299790
299,lerma,42.0261,-3.7598,12.310000000000002,42,10,1.59,ES,1696299790
300,kuyeda,56.4311,55.5886,12.050000000000011,79,100,1.65,RU,1696299791
301,redencao,-4.2258,-38.7306,23.660000000000025,93,38,0.76,BR,1696299791
302,freeport,40.6576,-73.5832,20.100000000000023,88,0,2.57,US,1696299657
303,svirsk,53.0858,103.3325,4.490000000000009,95,100,3.24,RU,1696299791
304,jining,35.405,116.5814,19.900000000000034,67,100,1.53,CN,1696299721
305,schieder-schwalenberg,51.8771,9.1954,20.25,94,100,3.16,DE,1696299791
306,vila velha,-20.3297,-40.2925,23.30000000000001,91,75,1.54,BR,1696299791
307,al majaridah,19.1236,41.9111,29.590000000000032,28,0,2.23,SA,1696299791
308,usinsk,65.9939,57.5281,1.7100000000000364,82,16,6.26,RU,1696299792
309,lincoln city,44.9582,-124.0179,15.760000000000048,97,100,6.26,US,1696299751
310,tralee,52.2704,-9.7026,11.370000000000005,88,100,4.82,IE,1696299792
311,holualoa,19.6228,-155.9522,27.53000000000003,77,40,4.12,US,1696299792
312,isangel,-19.55,169.2667,27.060000000000002,61,75,6.69,VU,1696299792
313,goyang-si,37.6564,126.835,19.900000000000034,59,0,4.63,KR,1696299792
314,nar'yan-mar,67.6713,53.087,3.9500000000000455,78,58,9.39,RU,1696299792
315,enewetak,11.3474,162.3373,28.390000000000043,79,100,4.96,MH,1696299792
316,kantagi,43.5264,68.5775,13.140000000000043,48,0,3.91,KZ,1696299792
317,ilha de mocambique,-15.0342,40.7358,24.75,84,14,6.83,MZ,1696299793
318,karyes,37.3,22.5,14.560000000000002,73,1,2.08,GR,1696299793
319,eyl,7.9803,49.8164,25.660000000000025,83,50,3.86,SO,1696299793
320,yuncheng,35.0231,110.9928,17.360000000000014,72,56,1.72,CN,1696299793
321,komsomolets,53.7453,62.0708,9.970000000000027,67,100,3.75,KZ,1696299793
322,saudarkrokur,65.7461,-19.6394,3.0600000000000023,96,100,3.06,IS,1696299793
323,egilsstadir,65.2653,-14.3948,3.9500000000000455,93,100,3.09,IS,1696299793
324,barcelos,41.5388,-8.6151,19.910000000000025,91,100,1.66,PT,1696299793
325,hashtrud,37.4779,47.0508,12.970000000000027,65,95,3.48,IR,1696299793
326,porto novo,6.4965,2.6036,25.150000000000034,92,22,2.62,BJ,1696299511
327,porto cristo,39.5395,3.333,20.730000000000018,76,0,1.55,ES,1696299794
328,belyy yar,53.6039,91.3903,0.9399999999999977,100,10,1.0,RU,1696299794
329,port pirie,-33.1833,138.0167,20.470000000000027,30,66,3.95,AU,1696299794
330,itoman,26.1247,127.6694,32.210000000000036,84,75,4.63,JP,1696299754
331,mokhsogollokh,61.4681,128.9203,5.2000000000000455,77,100,3.67,RU,1696299794
332,zambezi,-13.5432,23.1047,23.180000000000007,39,5,3.6,ZM,1696299794
333,vyazemskiy,47.5378,134.7525,13.520000000000039,64,7,3.35,RU,1696299794
334,farmington,36.7281,-108.2187,12.379999999999995,87,0,3.6,US,1696299794
335,port augusta,-32.5,137.7667,22.04000000000002,24,100,5.36,AU,1696299794
336,maragogi,-9.0122,-35.2225,23.77000000000004,80,18,2.68,BR,1696299795
337,outjo,-20.1167,16.15,24.260000000000048,21,96,1.3,NA,1696299795
338,alta,69.9689,23.2717,1.5900000000000318,87,100,1.03,NO,1696299795
339,visby,57.6409,18.296,15.120000000000005,94,100,3.6,SE,1696299795
340,fumel,44.4986,0.9651,20.55000000000001,96,10,2.42,FR,1696299795
341,mandasa,18.8667,84.4667,27.450000000000045,86,100,3.13,IN,1696299795
342,mansa,29.9833,75.3833,23.210000000000036,30,0,1.37,IN,1696299795
343,newman,37.3138,-121.0208,23.129999999999995,50,12,2.38,US,1696299795
344,abu jibeha,11.4562,31.2285,22.879999999999995,79,5,1.43,SD,1696299795
345,pechora,65.1472,57.2244,2.140000000000043,82,19,3.13,RU,1696299620
346,bayanaul,50.7889,75.6956,5.390000000000043,66,99,2.69,KZ,1696299796
347,santo antonio do ica,-3.1022,-67.9397,26.200000000000045,67,96,1.5,BR,1696299796
348,kodinsk,58.6881,99.1844,0.8000000000000114,85,100,2.21,RU,1696299720
349,pirot,43.1531,22.5861,10.270000000000039,75,6,0.76,RS,1696299796
350,geraldton,-28.7667,114.6,20.230000000000018,40,71,8.23,AU,1696299796
351,hammerfest,70.6634,23.6821,0.25,86,100,1.54,NO,1696299796
352,potosi,-19.5836,-65.7531,12.439999999999998,52,14,1.65,BO,1696299796
353,khovd,48.0056,91.6419,6.990000000000009,57,2,0.54,MN,1696299796
354,sao jose da coroa grande,-8.8978,-35.1478,24.33000000000004,76,28,3.05,BR,1696299796
355,pariaman,-0.619,100.12,26.03000000000003,70,73,1.78,ID,1696299797
356,labytnangi,66.6572,66.4183,2.25,71,9,6.76,RU,1696299797
357,bonthe,7.5264,-12.505,24.99000000000001,90,100,2.8,SL,1696299797
358,yarmouth,41.7057,-70.2286,15.54000000000002,89,0,1.54,US,1696299797
359,crane,31.3974,-102.3501,25.700000000000045,61,77,11.16,US,1696299797
360,kenai,60.5544,-151.2583,9.520000000000039,73,100,3.6,US,1696299797
361,baruun-urt,46.6806,113.2792,8.090000000000032,34,24,4.69,MN,1696299675
362,balqash,46.8481,74.995,7.330000000000041,93,0,2.0,KZ,1696299798
363,sungai besar,3.6746,100.9867,27.810000000000002,79,93,0.87,MY,1696299798
364,villa gesell,-37.2639,-56.973,10.590000000000032,91,100,3.72,AR,1696299798
365,faya-largeau,17.9257,19.1043,27.02000000000004,35,14,14.59,TD,1696299798
366,alto araguaia,-17.3147,-53.2153,24.0,68,24,2.48,BR,1696299798
367,levuka,50.1834,-105.4011,12.900000000000034,55,100,1.5,CA,1696299798
368,huarmey,-10.0681,-78.1522,19.930000000000007,85,96,4.02,PE,1696299798
369,roma,43.2128,-75.4557,17.07000000000005,94,0,0.0,US,1696299729
370,mungwi,-10.1732,31.3694,19.600000000000023,51,100,3.94,ZM,1696299798
371,marat,25.0701,45.4615,26.620000000000005,18,0,3.91,SA,1696299799
372,cidade velha,14.9167,-23.6167,25.260000000000048,88,20,3.09,CV,1696299799
373,nantucket,41.2835,-70.0995,14.03000000000003,93,0,2.57,US,1696299708
374,nagqu,31.5,92.0,6.910000000000025,69,26,2.51,CN,1696299799
375,ponta delgada,37.7333,-25.6667,20.660000000000025,68,20,5.14,PT,1696299799
376,ariquemes,-9.9133,-63.0408,27.560000000000002,47,50,0.82,BR,1696299799
377,maloye ganyushkino,46.6,49.2667,19.07000000000005,54,100,2.97,KZ,1696299799
378,flying fish cove,-10.4217,105.6791,25.82000000000005,69,100,6.17,CX,1696299799
379,bandon,51.7469,-8.7425,11.770000000000039,95,97,3.94,IE,1696299799
380,elko,41.0002,-115.5012,7.900000000000034,73,99,0.89,US,1696299800
381,luwuk,-0.9516,122.7875,30.430000000000007,58,63,2.05,ID,1696299800
382,vorgashor,67.5833,63.95,1.1000000000000227,79,99,7.34,RU,1696299800
383,yung shue wan,22.2333,114.1167,31.30000000000001,82,32,1.55,HK,1696299800
384,carnarvon,-24.8667,113.6333,19.360000000000014,43,0,10.72,AU,1696299800
385,kinmparana,12.8402,-4.9199,26.960000000000036,61,100,2.51,ML,1696299800
386,myski,53.709,87.8014,4.020000000000039,73,3,0.94,RU,1696299800
387,mirny,62.5353,113.9611,-3.1999999999999886,79,97,4.02,RU,1696299800
388,la sarre,48.8002,-79.1996,19.950000000000045,77,82,4.75,CA,1696299800
389,lyantor,61.6195,72.1555,8.870000000000005,93,99,6.53,RU,1696299801
390,ringkobing,56.0901,8.244,15.010000000000048,95,100,3.51,DK,1696299801
391,vung tau,10.346,107.0843,26.670000000000016,85,100,3.69,VN,1696299801
392,keyser,39.4409,-78.9739,21.08000000000004,91,3,1.06,US,1696299700
393,alofi,-19.0595,-169.9187,23.939999999999998,69,100,9.77,NU,1696299801
394,omdurman,15.6445,32.4777,33.54000000000002,30,0,4.63,SD,1696299801
395,poxoreo,-15.8372,-54.3892,26.810000000000002,61,47,1.38,BR,1696299801
396,terenozek,45.05,64.9833,12.490000000000009,48,0,2.86,KZ,1696299738
397,armacao de buzios,-22.7469,-41.8817,21.03000000000003,91,99,1.12,BR,1696299518
398,pakuranga,-36.8833,174.9167,17.689999999999998,62,6,7.72,NZ,1696299802
399,rong'an,26.1247,119.1214,28.75,61,10,0.74,CN,1696299802
400,alampur,15.8833,78.15,25.230000000000018,78,88,5.68,IN,1696299802
401,pampa,35.5362,-100.9599,25.53000000000003,59,97,8.88,US,1696299802
402,namdrik,5.5994,168.1028,29.210000000000036,70,41,2.1,MH,1696299802
403,karanja,20.4833,77.4833,23.07000000000005,85,95,5.85,IN,1696299802
404,sainte-sigolene,45.2333,4.25,13.660000000000025,90,95,2.72,FR,1696299802
405,kiruna,67.8557,20.2251,-0.48999999999995225,100,100,2.57,SE,1696299802
406,la passe,45.5549,-0.8967,19.99000000000001,86,29,5.68,FR,1696299802
407,hepingjie,42.0597,126.9158,15.550000000000011,53,100,3.39,CN,1696299802
408,howrah,22.5892,88.3103,29.0,89,40,4.12,IN,1696299803
409,venado,22.9333,-101.0833,21.0,59,99,6.92,MX,1696299803
410,micheweni,-4.9667,39.8333,24.640000000000043,83,40,5.13,TZ,1696299803
411,tazacorte,28.629,-17.9293,23.54000000000002,78,0,4.63,ES,1696299803
412,ankang,32.68,109.0172,18.960000000000036,79,77,0.81,CN,1696299803
413,bisert',56.8617,59.0523,12.080000000000041,85,100,2.6,RU,1696299803
414,chipinge,-20.1883,32.6236,10.760000000000048,90,30,2.12,ZW,1696299803
415,dapa,9.7594,126.0531,28.390000000000043,72,100,2.35,PH,1696299803
416,cuyo,10.8525,121.0086,27.900000000000034,81,100,7.64,PH,1696299803
417,susuman,62.7833,148.1667,1.660000000000025,61,5,1.79,RU,1696299804
418,esmeralda,21.8525,-78.1169,25.710000000000036,88,20,2.43,CU,1696299804
419,bengkulu,-3.8004,102.2655,25.920000000000016,74,100,3.7,ID,1696299804
420,mpika,-11.8343,31.4529,15.550000000000011,90,100,3.61,ZM,1696299804
421,kailua-kona,19.6406,-155.9956,29.600000000000023,77,40,4.12,US,1696299804
422,al kharijah,25.4514,30.5464,23.950000000000045,44,65,4.23,EG,1696299804
423,rio grande,-32.035,-52.0986,12.75,87,36,3.97,BR,1696299759
424,touros,-5.1989,-35.4608,24.980000000000018,83,19,5.65,BR,1696299804
425,port-vila,-17.7338,168.3219,24.260000000000048,71,100,9.81,VU,1696299804
426,cozumel,20.5083,-86.9458,28.860000000000014,94,40,2.57,MX,1696299568
427,urangan,-25.3,152.9,23.210000000000036,65,70,4.88,AU,1696299805
428,arraial do cabo,-22.9661,-42.0278,20.660000000000025,88,100,0.67,BR,1696299805
429,puerto santa,-8.9906,-78.6456,18.53000000000003,90,99,3.89,PE,1696299805
430,kideksha,56.4167,40.5167,12.050000000000011,78,100,2.31,RU,1696299805
431,yekaterinburg,56.8575,60.6125,9.830000000000041,87,0,3.0,RU,1696299592
432,macapa,0.0389,-51.0664,27.99000000000001,78,20,3.09,BR,1696299805
433,cill airne,52.05,-9.5167,10.240000000000009,95,100,2.44,IE,1696299805
434,praia da vitoria,38.7333,-27.0667,18.75,82,40,5.77,PT,1696299805
435,olyokminsk,60.3736,120.4264,-0.009999999999990905,71,100,0.89,RU,1696299806
436,soe,-9.8607,124.284,29.75,31,0,3.84,ID,1696299810
437,cidreira,-30.1811,-50.2056,14.590000000000032,81,3,2.47,BR,1696299810
438,yevlakh,40.6183,47.1501,18.600000000000023,64,12,1.31,AZ,1696299810
439,bychawa,51.0161,22.533,12.920000000000016,68,100,4.11,PL,1696299810
440,cururupu,-1.8283,-44.8683,25.610000000000014,84,49,2.39,BR,1696299810
441,la'ie,21.6477,-157.9253,28.980000000000018,71,21,1.79,US,1696299810
442,sigli,5.3848,95.9609,27.82000000000005,73,100,1.84,ID,1696299811
443,puerto carreno,6.189,-67.4859,26.660000000000025,82,88,2.0,CO,1696299811
444,massawa,15.6097,39.45,30.54000000000002,65,0,1.6,ER,1696299811
445,awjilah,29.1081,21.2869,21.140000000000043,63,2,3.34,LY,1696299811
446,kuloy,61.0305,42.4925,5.050000000000011,96,9,0.68,RU,1696299811
447,aglona,56.1333,27.0167,11.79000000000002,91,100,3.71,LV,1696299811
448,masterton,-40.9597,175.6575,12.160000000000025,57,94,5.03,NZ,1696299811
449,nongstoin,25.5167,91.2667,21.05000000000001,91,33,1.29,IN,1696299811
450,saskatoon,52.1168,-106.6345,9.990000000000009,93,100,1.54,CA,1696299726
451,sitia,35.2,26.0986,23.32000000000005,74,14,10.34,GR,1696299812
452,svyetlahorsk,52.6329,29.7389,8.390000000000043,79,95,2.76,BY,1696299812
453,pajapan,18.25,-94.7,25.090000000000032,87,88,3.07,MX,1696299812
454,colonia menno,-22.3667,-59.8167,31.450000000000045,36,87,4.46,PY,1696299812
455,kiunga,-6.1219,141.2906,27.860000000000014,87,91,0.73,PG,1696299812
456,kandahar,31.0,65.75,15.340000000000032,18,0,0.84,AF,1696299812
457,saint-philippe,-21.3585,55.7679,20.77000000000004,82,13,0.51,RE,1696299812
458,ilvesheim,49.474,8.5674,19.150000000000034,82,57,2.57,DE,1696299813
459,island harbour,50.724,-1.2758,14.430000000000007,89,100,1.79,GB,1696299813
460,taltal,-25.4,-70.4833,15.100000000000023,84,5,2.93,CL,1696299813
461,san luis de la loma,17.2706,-100.8939,27.129999999999995,87,96,1.14,MX,1696299813
462,new norfolk,-42.7826,147.0587,20.720000000000027,79,88,3.6,AU,1696299813
463,alpena,45.0617,-83.4327,18.950000000000045,92,0,2.06,US,1696299813
464,el calafate,-50.3408,-72.2768,5.140000000000043,78,3,2.95,AR,1696299813
465,kheri sampla,28.7778,76.7753,23.05000000000001,30,0,1.47,IN,1696299814
466,mogok,22.9167,96.5,22.80000000000001,77,9,0.07,MM,1696299814
467,inirida,3.8653,-67.9239,25.150000000000034,86,100,0.95,CO,1696299814
468,shunyi,40.125,116.6453,19.970000000000027,60,0,2.0,CN,1696299814
469,yokadouma,3.5167,15.05,21.439999999999998,98,100,0.84,CM,1696299814
470,kingston,17.997,-76.7936,27.53000000000003,93,20,2.06,JM,1696299814
471,paraiso,9.8383,-83.8656,19.980000000000018,96,100,0.56,CR,1696299624
472,schwarzenbek,53.5,10.4833,16.79000000000002,93,100,0.45,DE,1696299814
473,northam,51.0333,-4.2167,15.370000000000005,90,100,7.41,GB,1696299815
474,itaqui,-29.1253,-56.5531,12.870000000000005,84,0,4.19,BR,1696299815
475,palau,7.503,134.621,30.980000000000018,70,75,3.6,PW,1696299815
476,kakrala,27.9,79.2,23.210000000000036,43,81,3.06,IN,1696299815
477,macau,22.2006,113.5461,31.590000000000032,74,20,1.54,MO,1696299815
478,machali,-34.1833,-70.6667,9.850000000000023,68,78,1.12,CL,1696299815
479,mugia,43.1041,-9.2179,18.28000000000003,81,100,4.23,ES,1696299737
480,papao,-17.75,-149.55,26.82000000000005,82,0,6.51,PF,1696299815
481,batticaloa,7.7102,81.6924,26.02000000000004,85,33,4.04,LK,1696299816
482,ad dabbah,18.05,30.95,30.650000000000034,18,7,4.34,SD,1696299823
483,kerikeri,-35.2268,173.9474,19.390000000000043,61,0,0.89,NZ,1696299823
484,kutum,14.2,24.6667,25.760000000000048,47,74,2.1,SD,1696299823
485,morehead city,34.7229,-76.726,21.100000000000023,86,100,3.58,US,1696299823
486,yabelo,4.8833,38.0833,16.840000000000032,66,99,3.22,ET,1696299823
487,laguna,38.421,-121.4238,23.75,41,0,1.54,US,1696299824
488,katpur,21.05,71.7833,25.610000000000014,74,8,2.81,IN,1696299824
489,talcahuano,-36.7167,-73.1167,11.82000000000005,87,75,3.09,CL,1696299615
490,tabou,4.423,-7.3528,24.75,88,100,4.41,CI,1696299831
491,ndjole,-0.1783,10.7649,24.189999999999998,98,100,1.34,GA,1696299831
492,rongelap,11.1635,166.8941,29.180000000000007,76,68,7.05,MH,1696299831
493,gisborne,-38.6533,178.0042,10.610000000000014,64,42,9.93,NZ,1696299738
494,khandyga,62.6667,135.6,7.1200000000000045,80,100,0.62,RU,1696299832
495,arawa,-6.2132,155.5367,30.79000000000002,72,78,1.93,PG,1696299832
496,palasa,18.7667,84.4167,27.07000000000005,89,100,3.59,IN,1696299832
497,gulariya,28.2333,81.3333,25.220000000000027,86,96,0.76,NP,1696299832
498,arno,60.1167,18.6333,11.550000000000011,95,90,4.05,SE,1696299832
499,fortaleza,-3.7227,-38.5247,27.340000000000032,78,75,3.6,BR,1696299752
500,niquelandia,-14.4739,-48.4597,30.150000000000034,41,95,1.02,BR,1696299832
501,mount gambier,-37.8333,140.7667,14.129999999999995,70,65,6.05,AU,1696299832
502,portland,45.5234,-122.6762,14.5,95,100,5.81,US,1696299337
503,novhorod-sivers'kyy,52.0058,33.2615,6.57000000000005,87,2,2.07,UA,1696299833
504,los banos,14.1667,121.1833,27.590000000000032,76,100,4.18,PH,1696299833
505,shiqian,27.5225,108.2281,24.610000000000014,83,95,1.5,CN,1696299833
506,atherton,53.5237,-2.4935,11.830000000000041,97,40,1.23,GB,1696299772
507,aleysk,52.4926,82.7822,3.840000000000032,61,1,3.4,RU,1696299833
508,imbituba,-28.24,-48.6703,13.170000000000016,82,0,2.59,BR,1696299833
509,beloyarskiy,63.7119,66.6722,6.110000000000014,79,100,2.68,RU,1696299833
510,peschanokopskoye,46.1961,41.0775,15.29000000000002,71,97,1.76,RU,1696299833
511,istgah-e rah ahan-e garmsar,35.2346,52.3094,22.450000000000045,40,5,5.26,IR,1696299833
512,mumford,5.2618,-0.759,24.79000000000002,91,18,4.42,GH,1696299834
513,fort st. john,56.2499,-120.8529,10.939999999999998,50,75,4.63,CA,1696299834
514,port saint john's,-31.6229,29.5448,18.75,61,0,4.87,ZA,1696299841
515,viedma,-40.8135,-62.9967,9.810000000000002,92,53,2.05,AR,1696299800
516,mariehamn,60.0973,19.9348,11.920000000000016,94,100,2.06,AX,1696299841
517,griffith,41.5284,-87.4237,24.379999999999995,68,0,0.0,US,1696299842
518,choibalsan,48.0667,114.5,7.6200000000000045,30,25,7.56,MN,1696299842
519,crescent city,41.756,-124.2018,18.58000000000004,86,100,4.12,US,1696299842
520,tafuna,-14.3358,-170.72,27.970000000000027,89,75,9.77,AS,1696299842
521,boca do acre,-8.7522,-67.3978,28.100000000000023,61,82,0.89,BR,1696299842
522,arteche,12.2645,125.4048,31.400000000000034,62,100,3.08,PH,1696299842
523,surin,14.8818,103.4936,27.210000000000036,87,100,3.66,TH,1696299842
524,christchurch,-43.5333,172.6333,14.07000000000005,53,20,2.06,NZ,1696299842
525,thinadhoo,0.5333,72.9333,27.810000000000002,75,71,5.47,MV,1696299843
526,lundazi,-12.2929,33.1782,18.25,79,39,6.68,ZM,1696299843
527,inhambane,-23.865,35.3833,20.340000000000032,62,98,2.81,MZ,1696299659
528,artova,40.1158,36.3001,8.460000000000036,91,100,0.99,TR,1696299843
529,gaspe,48.8334,-64.4819,11.950000000000045,87,100,1.03,CA,1696299843
530,tambopata,-12.7333,-69.1833,24.100000000000023,88,77,0.36,PE,1696299843
531,miyazaki,31.9111,131.4239,25.970000000000027,61,75,5.66,JP,1696299843
532,zorritos,-3.6805,-80.6782,25.160000000000025,75,54,1.01,PE,1696299843
533,auriflama,-20.6856,-50.5547,25.04000000000002,74,41,3.96,BR,1696299843
534,nadym,65.5333,72.5167,6.3700000000000045,77,100,11.29,RU,1696299844
535,kristiansund,63.1115,7.732,9.360000000000014,93,100,2.06,NO,1696299844
536,minas de marcona,-15.2119,-75.1103,13.560000000000002,86,80,5.73,PE,1696299844
537,zintan,31.9223,12.252,17.04000000000002,75,0,3.08,LY,1696299844
538,gorgoram,12.6398,10.7039,25.370000000000005,58,95,2.59,NG,1696299844
539,franceville,-1.6333,13.5836,21.860000000000014,98,41,0.93,GA,1696299844
540,ust'-barguzin,53.45,108.9833,4.490000000000009,58,100,3.58,RU,1696299844
541,kupang,-10.1667,123.5833,32.32000000000005,55,20,5.14,ID,1696299844
542,puerto lempira,15.2667,-83.7667,27.480000000000018,85,5,3.27,HN,1696299844
543,paphos,34.7667,32.4167,20.879999999999995,78,0,2.06,CY,1696299845
544,santa luzia,-19.7697,-43.8514,23.760000000000048,81,0,0.0,BR,1696299845
545,norman,35.2226,-97.4395,26.400000000000034,52,82,0.89,US,1696299845
546,luganville,-15.5333,167.1667,25.650000000000034,79,96,7.11,VU,1696299845
547,pankrushikha,53.8319,80.3406,3.240000000000009,54,0,2.11,RU,1696299846
548,banff,51.1762,-115.5698,10.57000000000005,61,78,1.54,CA,1696299846
549,hirara,24.8,125.2833,30.920000000000016,84,75,8.23,JP,1696299846
550,wyomissing,40.3295,-75.9652,20.160000000000025,85,0,1.54,US,1696299846
551,penalva,-3.2942,-45.1736,25.75,79,19,2.63,BR,1696299846
552,chos malal,-37.3781,-70.2709,10.580000000000041,51,0,1.75,AR,1696299846
553,mejit,10.2753,170.8646,28.610000000000014,77,13,6.02,MH,1696299846
554,vorkuta,67.5,64.0,1.420000000000016,79,98,7.48,RU,1696299846
555,ladybrand,-29.1945,27.4574,12.390000000000043,46,0,2.15,ZA,1696299847
556,wajir,1.7471,40.0573,24.150000000000034,75,53,6.32,KE,1696299847
557,smara,26.7384,-11.6719,27.640000000000043,25,0,3.71,EH,1696299847
558,xuddur,4.1213,43.8894,22.090000000000032,84,44,4.56,SO,1696299847
559,pucheng,27.9233,118.5333,27.220000000000027,69,19,0.91,CN,1696299847
560,tolanaro,-25.0319,46.9987,19.04000000000002,63,75,4.12,MG,1696299847
561,darwin,-12.4611,130.8418,30.99000000000001,58,40,3.6,AU,1696299606
562,estherville,43.4016,-94.8328,24.200000000000045,58,0,4.12,US,1696299847
563,todos santos,23.45,-110.2167,29.610000000000014,81,1,3.53,MX,1696299847
564,kirakira,-10.4544,161.9205,29.5,75,46,5.88,SB,1696299848
565,essau,13.4839,-16.5347,25.090000000000032,79,85,3.09,GM,1696299848
566,pamandzi,-12.7967,45.2794,25.879999999999995,83,75,3.6,YT,1696299848
567,kuqa,41.7278,82.9364,18.53000000000003,33,87,3.3,CN,1696299848
568,tadine,-21.55,167.8833,22.28000000000003,65,99,8.7,NC,1696299848
569,abaza,52.655,90.0928,6.060000000000002,64,4,0.3,RU,1696299848
570,camalu,30.85,-116.0667,18.700000000000045,73,0,4.73,MX,1696299848
